<?xml version="1.0" encoding="UTF-8"?>
<configuration>
    <springProperty scope="context" name="log.path" source="platform.logPath"/>
    <property name="console.log.pattern"
              value="%red(%d{yyyy-MM-dd HH:mm:ss}) %green([%thread]) %highlight(%-5level) %boldMagenta(%logger{36}%n) - %msg%n"/>
    <property name="log.pattern" value="%d{yyyy-MM-dd HH:mm:ss} [%thread] %-5level %logger{36} - %msg%n"/>

    <!-- 控制台输出 -->
    <appender name="console" class="ch.qos.logback.core.ConsoleAppender">
        <encoder>
            <pattern>${console.log.pattern}</pattern>
            <charset>utf-8</charset>
        </encoder>
    </appender>

    <!-- 系统日志输出 -->
    <appender name="info" class="ch.qos.logback.core.rolling.RollingFileAppender">
        <file>${log.path}/info.log</file>
        <!-- 循环政策：基于时间创建日志文件 -->
        <rollingPolicy class="ch.qos.logback.core.rolling.TimeBasedRollingPolicy">
            <!-- 日志文件名格式 -->
            <fileNamePattern>${log.path}/info.%d{yyyy-MM-dd}.log</fileNamePattern>
            <!-- 日志最大的历史 60天 -->
            <maxHistory>60</maxHistory>
        </rollingPolicy>
        <encoder>
            <pattern>${log.pattern}</pattern>
        </encoder>
        <filter class="ch.qos.logback.classic.filter.LevelFilter">
            <!-- 过滤的级别 -->
            <level>INFO</level>
            <!-- 匹配时的操作：接收（记录） -->
            <onMatch>ACCEPT</onMatch>
            <!-- 不匹配时的操作：拒绝（不记录） -->
            <onMismatch>DENY</onMismatch>
        </filter>
    </appender>

    <appender name="error" class="ch.qos.logback.core.rolling.RollingFileAppender">
        <file>${log.path}/error.log</file>
        <!-- 循环政策：基于时间创建日志文件 -->
        <rollingPolicy class="ch.qos.logback.core.rolling.TimeBasedRollingPolicy">
            <!-- 日志文件名格式 -->
            <fileNamePattern>${log.path}/error.%d{yyyy-MM-dd}.log</fileNamePattern>
            <!-- 日志最大的历史 60天 -->
            <maxHistory>60</maxHistory>
        </rollingPolicy>
        <encoder>
            <pattern>${log.pattern}</pattern>
        </encoder>
        <filter class="ch.qos.logback.classic.filter.LevelFilter">
            <!-- 过滤的级别 -->
            <level>ERROR</level>
            <!-- 匹配时的操作：接收（记录） -->
            <onMatch>ACCEPT</onMatch>
            <!-- 不匹配时的操作：拒绝（不记录） -->
            <onMismatch>DENY</onMismatch>
        </filter>
    </appender>

    <!-- 系统模块日志级别控制  -->
    <logger name="com.platform" level="info"/>
    <!-- Spring日志级别控制  -->
    <logger name="org.springframework" level="warn"/>
    <!-- 不显示tobato日志  -->
    <logger name="com.github.tobato.fastdfs.domain.conn" level="OFF" additive="false"/>
    <!-- 不显示lettuce日志  -->
    <logger name="io.lettuce.core.protocol" level="ERROR"/>

    <!--系统操作日志-->
    <root level="info">
        <appender-ref ref="console"/>
        <appender-ref ref="info"/>
        <appender-ref ref="error"/>
    </root>

</configuration> 