<?xml version="1.0" encoding="UTF-8"?>
<!DOCTYPE mapper PUBLIC "-//mybatis.org//DTD Mapper 3.0//EN" "http://mybatis.org/dtd/mybatis-3-mapper.dtd">
<mapper namespace="com.platform.modules.chat.dao.ChatVisitDao">

    <!-- 字段集 -->
    <sql id="baseSql">
        select visit_id, visit_date, visit_count from chat_visit
    </sql>

    <!-- 查询列表字段 -->
    <select id="queryList" resultType="com.platform.modules.chat.domain.ChatVisit">
        <include refid="baseSql"/>
        <where>
            <!--
            <if test="visitId != null and visitId != ''">
                and visit_id = #{visitId}
            </if>
            -->
            <!--
            <if test="visitDate != null and visitDate != ''">
                and visit_date = #{visitDate}
            </if>
            -->
            <!--
            <if test="visitCount != null and visitCount != ''">
                and visit_count = #{visitCount}
            </if>
            -->
        </where>
    </select>

</mapper>
