<?xml version="1.0" encoding="UTF-8"?>
<!DOCTYPE mapper PUBLIC "-//mybatis.org//DTD Mapper 3.0//EN" "http://mybatis.org/dtd/mybatis-3-mapper.dtd">
<mapper namespace="com.platform.modules.chat.dao.ChatConfigDao">

    <!-- 字段集 -->
    <sql id="baseSql">
        select config_key, config_value from chat_config
    </sql>

    <!-- 查询列表字段 -->
    <select id="queryList" resultType="com.platform.modules.chat.domain.ChatConfig">
        <include refid="baseSql"/>
        <where>

        </where>
    </select>

    <select id="queryByKey" resultType="com.platform.modules.chat.domain.ChatConfig">
        <include refid="baseSql"/>
        <where>
            and config_key = #{configType.code}
        </where>
    </select>

</mapper>
