<?xml version="1.0" encoding="UTF-8"?>
<!DOCTYPE mapper PUBLIC "-//mybatis.org//DTD Mapper 3.0//EN" "http://mybatis.org/dtd/mybatis-3-mapper.dtd">
<mapper namespace="com.platform.modules.sys.dao.SysDictDao">

    <!-- 字段集 -->
    <sql id="baseSql">
        select dict_id, dict_name, dict_type, dict_code, dict_sort, remark from sys_dict
    </sql>

    <!-- 查询列表字段 -->
    <select id="queryList" resultType="com.platform.modules.sys.domain.SysDict">
        <include refid="baseSql"/>
        <where>
            <if test="dictType != null">
                and dict_type = #{dictType}
            </if>
        </where>
    </select>

</mapper>
