<?xml version="1.0" encoding="UTF-8"?>
<!DOCTYPE mapper PUBLIC "-//mybatis.org//DTD Mapper 3.0//EN" "http://mybatis.org/dtd/mybatis-3-mapper.dtd">
<mapper namespace="com.platform.modules.wallet.dao.WalletBankDao">

    <!-- 字段集 -->
    <sql id="baseSql">
        select bank_id, user_id, name, wallet from wallet_bank
    </sql>

    <!-- 查询列表字段 -->
    <select id="queryList" resultType="com.platform.modules.wallet.domain.WalletBank">
        <include refid="baseSql"/>
        <where>
            <if test="userId != null">
                and user_id = #{userId}
            </if>
        </where>
    </select>

</mapper>
