<?xml version="1.0" encoding="UTF-8"?>
<!DOCTYPE mapper PUBLIC "-//mybatis.org//DTD Mapper 3.0//EN" "http://mybatis.org/dtd/mybatis-3-mapper.dtd">
<mapper namespace="com.platform.modules.wallet.dao.WalletPacketDao">

    <!-- 字段集 -->
    <sql id="baseSql">
        select packet_id, trade_id, user_id, user_no, nickname, portrait, amount, create_time from wallet_packet
    </sql>

    <!-- 查询列表字段 -->
    <select id="queryList" resultType="com.platform.modules.wallet.domain.WalletPacket">
        <include refid="baseSql"/>
        <where>
            <if test="tradeId != null">
                and trade_id = #{tradeId}
            </if>
        </where>
    </select>

</mapper>
