<?xml version="1.0" encoding="UTF-8"?>
<!DOCTYPE mapper PUBLIC "-//mybatis.org//DTD Mapper 3.0//EN" "http://mybatis.org/dtd/mybatis-3-mapper.dtd">
<mapper namespace="com.platform.modules.wallet.dao.WalletReceiveDao">

    <!-- 字段集 -->
    <sql id="baseSql">
        select trade_id, user_id, amount, status, version, create_time, update_time from wallet_receive
    </sql>

    <!-- 查询列表字段 -->
    <select id="queryList" resultType="com.platform.modules.wallet.domain.WalletReceive">
        <include refid="baseSql"/>
        <where>
            <if test="status != null">
                and status = #{status.code}
            </if>
        </where>
    </select>

</mapper>
